"unitid","instnm","year","ialias","addr","city","stabbr","zip","gentele","webaddr","ein","countycd","countynm","longitud","latitude","newid","deathyr","closedat","cyactive","sector","iclevel","control","hloffer"
"200590","ETI Technical College","2019","","2076 Youngstown Warren Rd","Niles","OH","44446-4398","3306529919","eticollege.edu","341701962","39155","Trumbull County","-80.723213","41.186940","-2","-2","-2","1","6","2","3","3"
"200624","The Art Institute of Cincinnati-AIC College of Design","2019","","1171 East Kemper Road","Cincinnati","OH","45246-3322","5137511206","www.aic-arts.edu","310891296","39061","Hamilton County","-84.451296","39.285831","-2","2019","08/16/2019","3","3","1","3","5"
"200697","Air Force Institute of Technology-Graduate School of Engineering & Management","2019","AFIT","2950 Hobson Way","Wright-Patterson AFB","OH","45433-7765","9372553636","www.afit.edu","311575142","39057","Greene County","-84.082618","39.782221","-2","-2","-2","1","1","1","1","9"
"200785","Herzing University-Akron","2019","","1600 South Arlington Street, Suite 100","Akron","OH","44306-3931","3307241600","https://www.herzing.edu","271503981","39153","Summit County","-81.493109","41.028170","-2","-2","-2","1","2","1","2","5"
"200800","University of Akron Main Campus","2019","","302 Buchtel Common","Akron","OH","44325-4702","3309727111","www.uakron.edu","346002924","39153","Summit County","-81.511679","41.078551","-2","-2","-2","1","1","1","1","9"
"200846","University of Akron Wayne College","2019","","1901 Smucker Rd","Orrville","OH","44667","8002218308","https://wayne.uakron.edu","346002924","39169","Wayne County","-81.789979","40.861519","-2","-2","-2","1","4","2","1","3"
"200873","Allegheny Wesleyan College","2019","","2161 Woodsdale Rd","Salem","OH","44460-9598","3303376403170","awc.edu","341142457","39029","Columbiana County","-80.861232","40.867220","-2","-2","-2","1","2","1","2","5"
"201016","Antonelli College-Cincinnati","2019","","124 E Seventh St","Cincinnati","OH","45202","5132414338","www.antonellicollege.edu","341634835","39061","Hamilton County","-84.510735","39.104312","-2","2019","10/31/2019","1","6","2","3","3"
"201034","Apollo Career Center","2019","Apollo JVS, Apollo Career Center, Apollo Joint Vocational School","3325 Shawnee Rd","Lima","OH","45806-1497","4199983000","www.apollocareercenter.com/adult-education/","341126813","39003","Allen County","-84.149151","40.692999","-2","-2","-2","1","7","3","1","2"
"201061","Art Academy of Cincinnati","2019","AAC","1212 Jackson Street","Cincinnati","OH","45202-1706","5135626262","www.artacademy.edu","311601569","39061","Hamilton County","-84.513913","39.108805","-2","-2","-2","1","2","1","2","7"
"201098","Ashland County-West Holmes Career Center","2019","ACWHCC Adult Education  Ashland County Career Center","1783 State Route 60","Ashland","OH","44805-9377","4192893313","www.acwhcc.org","341089984","39005","Ashland County","-82.266808","40.801018","-2","-2","-2","1","7","3","1","2"
"201104","Ashland University","2019","","401 College Avenue","Ashland","OH","44805","8008821548","https://www.ashland.edu","340714626","39005","Ashland County","-82.321061","40.861755","-2","-2","-2","1","2","1","2","9"
"201131","Ashtabula County Technical and Career Campus","2019","","1565 State Route 167","Jefferson","OH","44047","44057660151007","www.atech.edu","340970014","39007","Ashtabula County","-80.733023","41.746864","-2","-2","-2","1","7","3","1","2"
"201140","Athenaeum of Ohio","2019","Mount St. Mary's Seminary  Mount St. Mary's Seminary of the West","6616 Beechmont Ave","Cincinnati","OH","45230-2091","5132312223","www.athenaeum.edu","310537076","39061","Hamilton County","-84.371927","39.082926","-2","-2","-2","1","2","1","2","7"
"201159","Auburn Career Center","2019","","8140 Auburn Rd","Concord Twp","OH","44077","44035775428213","www.auburncc.org","050926564","39085","Lake County","-81.243798","41.649238","-2","-2","-2","1","7","3","1","2"
"201177","Aultman College of Nursing and Health Sciences","2019","Aultman College","2600 6th St SW","Canton","OH","44710-1797","3303636347","https://www.aultmancollege.edu","201359433","39151","Stark County","-81.404053","40.796186","-2","-2","-2","1","2","1","2","5"
"201195","Baldwin Wallace University","2019","Baldwin Wallace  Baldwin-Wallace College  Baldwin-Wallace","275 Eastland Rd","Berea","OH","44017-2088","4408262900","https://www.bw.edu","340714629","39035","Cuyahoga County","-81.851145","41.373017","-2","-2","-2","1","2","1","2","8"
"201283","Belmont College","2019","Belmont College","68094 Hammond Road","St Clairsville","OH","43950","7406959500","www.belmontcollege.edu","310803587","39013","Belmont County","-80.964901","40.076950","-2","-2","-2","1","4","2","1","3"
"201371","Bluffton University","2019","","1 University Drive","Bluffton","OH","45817-2104","4193583000","www.bluffton.edu","344428207","39003","Allen County","-83.899439","40.895606","-2","-2","-2","1","2","1","2","7"
"201399","Fortis College-Ravenna","2019","","653 Enterprise Parkway","Ravenna","OH","44266","4435047159","https://www.fortis.edu/","311512925","39133","Portage County","-81.249610","41.179959","-2","2019","11/11/2018","3","6","2","3","3"
"201432","Bowling Green State University-Firelands","2019","BGSU-Firelands","One University Drive","Huron","OH","44839-9791","4193725526","https://www.firelands.bgsu.edu","346402018","39043","Erie County","-82.594156","41.397521","-2","-2","-2","1","1","1","1","5"
"201441","Bowling Green State University-Main Campus","2019","BGSU","220 McFall Ctr","Bowling Green","OH","43403","4183725526","www.bgsu.edu","346402018","39173","Wood County","-83.640896","41.375513","-2","-2","-2","1","1","1","1","9"
"201469","Bryant & Stratton College-Parma","2019","","12955 Snow Rd","Parma","OH","44130-3151","2162653151","https://www.bryantstratton.edu/","160364420","39035","Cuyahoga County","-81.781757","41.404607","-2","-2","-2","1","3","1","3","5"
"201478","Buckeye Hills Career Center","2019","","351 Buckeye Hills Road","Rio Grande","OH","45674-0157","7402455334","www.buckeyehills.net","310794843","39053","Gallia County","-82.388043","38.892181","-2","-2","-2","1","7","3","1","2"
"201496","Butler Technology and Career Development Schools","2019","Butler Tech","101 Jerry Couch Boulevard","Monroe","OH","45050","5136458205","www.butlertech.org","310826922","39017","Butler County","-84.431434","39.441140","-2","-2","-2","1","7","3","1","2"
"201539","Canton City Schools Adult Career and Technical Education","2019","","2800 13th Street S.W.","Canton","OH","44710","3304382556","https://www.ccsdistrict.org/site/default.aspx?PageID=189","346000503","39151","Stark County","-81.407001","40.787778","-2","-2","-2","1","7","3","1","2"
"201548","Capital University","2019","","1 College and Main","Columbus","OH","43209-2394","6142366011","https://www.capital.edu","314379435","39049","Franklin County","-82.937867","39.954875","-2","-2","-2","1","2","1","2","9"
"201645","Case Western Reserve University","2019","CWRU|Case|Case Western Reserve","10900 Euclid Ave","Cleveland","OH","44106","2163682000","www.case.edu","341018992","39035","Cuyahoga County","-81.609596","41.507419","-2","-2","-2","1","2","1","2","9"
"201654","Cedarville University","2019","","251 N. Main Street","Cedarville","OH","45314-0601","9377667700","https://www.cedarville.edu","310536647","39057","Greene County","-83.814692","39.749237","-2","-2","-2","1","2","1","2","9"
"201672","Central Ohio Technical College","2019","COTC","1179 University Drive","Newark","OH","43055-1767","7403661351","www.cotc.edu","310802020","39089","Licking County","-82.447441","40.069314","-2","-2","-2","1","4","2","1","3"
"201681","Central School of Practical Nursing","2019","","4700 Rockside Road","Independence","OH","44131-0000","2169014400","www.cspnohio.org","340873175","39035","Cuyahoga County","-81.656988","41.397093","-2","-2","-2","1","8","3","2","2"
"201690","Central State University","2019","","1400 Brush Row Rd","Wilberforce","OH","45384-1004","9373766011","www.centralstate.edu","316056634","39057","Greene County","-83.880186","39.715787","-2","-2","-2","1","1","1","1","5"
"201751","Chatfield College","2019","","20918 State Route 251","Saint Martin","OH","45118-9705","5138753344152","www.chatfield.edu","310840764","39015","Brown County","-83.887153","39.210369","-2","-2","-2","1","5","2","2","3"
"201803","Choffin Career  and Technical Center","2019","","200 E Wood St.","Youngstown","OH","44503-1600","3307448700","www.choffinctc.com/adult-education/","346003190","39099","Mahoning County","-80.644393","41.100847","-2","-2","-2","1","7","3","1","2"
"201821","The Christ College of Nursing and Health Sciences","2019","","2139 Auburn Avenue","Cincinnati","OH","45219-2989","5135850032","https://www.thechristcollege.edu","203823825","39061","Hamilton County","-84.509564","39.121821","-2","-2","-2","1","2","1","2","5"
"201858","Cincinnati Christian University","2019","Cincinnati Bible College & Seminary; Cincinnati Bible College; Cincinnati Bible Seminary","2700 Glenway Ave","Cincinnati","OH","45204-3200","5132448100","www.CCUniversity.edu","310643552","39061","Hamilton County","-84.554080","39.114169","-2","2019","01/20/2020","1","2","1","2","7"
"201867","Cincinnati College of Mortuary Science","2019","","645 W North Bend Rd","Cincinnati","OH","45224-1462","5137612020","WWW.CCMS.EDU","316064854","39061","Hamilton County","-84.505604","39.206578","-2","-2","-2","1","2","1","2","5"
"201885","University of Cincinnati-Main Campus","2019","","2624 Clifton Avenue","Cincinnati","OH","45221-0063","5135566000","www.uc.edu","316000989","39061","Hamilton County","-84.514280","39.131159","-2","-2","-2","1","1","1","1","9"
"201928","Cincinnati State Technical and Community College","2019","Cincinnati State|Cincy State|CSTCC|CTC|CState","3520 Central Parkway","Cincinnati","OH","45223-2690","5135691500","www.cincinnatistate.edu","310784054","39061","Hamilton County","-84.536936","39.149915","-2","-2","-2","1","4","2","1","3"
"201946","University of Cincinnati-Clermont College","2019","","4200 Clermont College Dr","Batavia","OH","45103","5137325200","www.ucclermont.edu/","316000989","39025","Clermont County","-84.194370","39.080645","-2","-2","-2","1","1","1","1","5"
"201955","University of Cincinnati-Blue Ash College","2019","","9555 Plainfield Rd","Blue Ash","OH","45236-1096","5137455600","www.ucblueash.edu/","316000989","39061","Hamilton County","-84.399956","39.234333","-2","-2","-2","1","1","1","1","5"
"201964","Ohio Christian University","2019","OCU","1476 Lancaster Pike","Circleville","OH","43113-9487","7404748896","www.ohiochristian.edu","310971599","39129","Pickaway County","-82.904885","39.613155","-2","-2","-2","1","2","1","2","7"
"201973","Clark State Community College","2019","","570 E Leffel Ln","Springfield","OH","45501-0570","9373250691","www.clarkstate.edu","310734597","39023","Clark County","-83.799788","39.896411","-2","-2","-2","1","1","1","1","5"
"202046","Cleveland Institute of Art","2019","CIA","11610 Euclid Avenue","Cleveland","OH","44106-1710","2164217000","www.cia.edu","340714334","39035","Cuyahoga County","-81.602416","41.510435","-2","-2","-2","1","2","1","2","5"
"202073","Cleveland Institute of Music","2019","CIM","11021 East Blvd","Cleveland","OH","44106-1776","2167915000","www.cim.edu","340714460","39035","Cuyahoga County","-81.608878","41.512444","-2","-2","-2","1","2","1","2","9"
"202134","Cleveland State University","2019","","2121 Euclid Avenue","Cleveland","OH","44115-2214","2166872000","www.csuohio.edu/","340966056","39035","Cuyahoga County","-81.674355","41.502281","-2","-2","-2","1","1","1","1","9"
"202152","Columbiana County Career and Technical Center","2019","","9364 St Rt 45","Lisbon","OH","44432","3304249561116","www.ccctc.k12.oh.us/","341081086","39029","Columbiana County","-80.747828","40.768063","-2","-2","-2","1","7","3","1","2"
"202161","Bradford School","2019","","2469 Stelzer Road","Columbus","OH","43219","6144166200","www.bradfordschoolcolumbus.edu","251482719","39049","Franklin County","-82.911808","40.023538","-2","-2","-2","1","6","2","3","3"
"202170","Columbus College of Art and Design","2019","CCAD","60 Cleveland Ave.","Columbus","OH","43215","6142249101","WWW.CCAD.EDU","310820394","39049","Franklin County","-82.989479","39.966074","-2","-2","-2","1","2","1","2","7"
"202222","Columbus State Community College","2019","Columbus State|CSCC|C-State","550 E Spring St","Columbus","OH","43215","6142875353","www.cscc.edu/","310729591","39049","Franklin County","-82.987660","39.968870","-2","-2","-2","1","4","2","1","3"
"202356","Cuyahoga Community College District","2019","","700 Carnegie Ave","Cleveland","OH","44115-2878","8009548742","www.tri-c.edu","340896630","39035","Cuyahoga County","-81.683533","41.494906","-2","-2","-2","1","4","2","1","3"
"202435","Davis College","2019","","4747 Monroe St","Toledo","OH","43623","4194732700","www.daviscollege.edu","340894799","39095","Lucas County","-83.629753","41.692513","-2","-2","-2","1","6","2","3","3"
"202453","Dayton Barber College","2019","","2741 C Lyons Road","Miamisburg","OH","45342","9372229101","www.daytonbarbercollege.edu","311337501","39113","Montgomery County","-84.222996","39.628936","-2","-2","-2","1","6","2","3","4"
"202480","University of Dayton","2019","","300 College Park","Dayton","OH","45469","9372291000","https://udayton.edu","310536715","39113","Montgomery County","-84.176113","39.739547","-2","-2","-2","1","2","1","2","9"
"202514","Defiance College","2019","","701 N Clinton","Defiance","OH","43512","4197844010","www.defiance.edu","344430762","39039","Defiance County","-84.357075","41.296842","-2","-2","-2","1","2","1","2","7"
"202523","Denison University","2019","Denison|DU|Dennison University|Denison U|Dennison U|Camp Denidoo|Denidoo|Big Red","100 West College Street","Granville","OH","43023","7405870810","https://www.denison.edu","314379459","39089","Licking County","-82.523272","40.071505","-2","-2","-2","1","2","1","2","5"
"202648","Edison State Community College","2019","Edison Community College","1973 Edison Dr","Piqua","OH","45356-9239","9377788600","www.edisonOHIO.edu","310836468","39109","Miami County","-84.212385","40.157699","-2","-2","-2","1","4","2","1","3"
"202657","EHOVE Career Center","2019","","316 W Mason Rd","Milan","OH","44846","4194994663280","www.ehove.net","340979430","39043","Erie County","-82.630439","41.332655","-2","-2","-2","1","7","3","1","2"
"202684","Bryant & Stratton College-Cleveland","2019","","3121 Euclid Avenue","Cleveland","OH","44115","2167711700","https://www.bryantstratton.edu","160364420","39035","Cuyahoga County","-81.666136","41.503009","201469","-2","-2","3","3","1","3","5"
"202763","The University of Findlay","2019","","1000 North Main Street","Findlay","OH","45840-3653","4194228313","www.findlay.edu/","344431169","39063","Hancock County","-83.652313","41.053344","-2","-2","-2","1","2","1","2","9"
"202806","Franklin University","2019","","201 S Grant Ave","Columbus","OH","43215-5399","6147974700","www.franklin.edu","310707369","39049","Franklin County","-82.990375","39.958310","-2","-2","-2","1","2","1","2","9"
"202888","Gerbers Akron Beauty School","2019","","1915 West Market ST.   Suite 800","Akron","OH","44313","3308676200","AkronBeautySchool.com","340839846","39153","Summit County","-81.576150","41.113868","-2","-2","-2","1","9","3","3","2"
"202903","Gods Bible School and College","2019","","1810 Young Street","Cincinnati","OH","45202-6838","5137217944","www.gbs.edu","310544271","39061","Hamilton County","-84.505703","39.115300","-2","-2","-2","1","2","1","2","7"
"202912","Good Samaritan College of Nursing and Health Science","2019","Good Samaritan College","375 Dixmyth Ave","Cincinnati","OH","45220-2489","5138622631","www.GSCollege.edu","311778403","39061","Hamilton County","-84.521196","39.140348","-2","-2","-2","1","2","1","2","5"
"202949","Great Oaks Career Campuses","2019","","303 Scarlet Oaks Dr.","Cincinnati","OH","45241","5137718881","www.greatoaks.com","310793117","39061","Hamilton County","-84.413556","39.289951","-2","-2","-2","1","7","3","1","2"
"202985","Hannah E Mullins School of Practical Nursing","2019","","230 North Lincoln Avenue, Suite 3","Salem","OH","44460-2906","3303328940","www.hemspn.com","346002559","39029","Columbiana County","-80.851045","40.902408","-2","-2","-2","1","7","3","1","2"
"203030","Adult and Community Education-Hudson","2019","","2323 Lexington Avenue","Columbus","OH","43211","6143656000244","https://www.ccsoh.us/site/Default.aspx?PageID=334","316400416","39049","Franklin County","-82.980603","40.012851","-2","-2","-2","1","7","3","1","2"
"203085","Heidelberg University","2019","Heidelburg College|Hiedelberg College|Hiedelburg College|Heidleberg College|Heidleburg College|The 'Berg|Heidelberg University|Hiedelberg University|Heidelburg University","310 E Market St","Tiffin","OH","44883-2462","4194482000","https://www.heidelberg.edu","344428219","39147","Seneca County","-83.168387","41.114833","-2","-2","-2","1","2","1","2","7"
"203128","Hiram College","2019","Hiram","","Hiram","OH","44234-0067","3305693211","WWW.HIRAM.EDU","340714670","39133","Portage County","-81.143981","41.310700","-2","-2","-2","1","2","1","2","7"
"203146","Hobart Institute of Welding Technology","2019","HIWT","400 Trade Square East","Troy","OH","45373-2400","9373329500","www.welding.org/","316032186","39109","Miami County","-84.219809","40.053024","-2","-2","-2","1","8","3","2","2"
"203155","Hocking College","2019","Hocking Technical College","3301 Hocking Parkway","Nelsonville","OH","45764","7407533591","www.hocking.edu","310794924","39009","Athens County","-82.220791","39.441954","-2","-2","-2","1","4","2","1","3"
"203234","Ross Medical Education Center-Cincinnati","2019","","11590 Century Boulevard, Suite 210","Cincinnati","OH","45246","5138518500","www.rosseducation.edu","261711705","39061","Hamilton County","-84.452851","39.286023","-2","-2","-2","1","9","3","3","2"
"203289","International College of Broadcasting","2019","","6 S Smithville Rd","Dayton","OH","45431","9372588251","www.icb.edu","311232242","39113","Montgomery County","-84.137499","39.764986","-2","-2","-2","1","6","2","3","3"
"203331","Eastern Gateway Community College","2019","","4000 Sunset Blvd","Steubenville","OH","43952-3598","7402645591","www.egcc.edu","341015707","39081","Jefferson County","-80.672337","40.376056","-2","-2","-2","1","4","2","1","3"
"203368","John Carroll University","2019","JCU  John Caroll University  John Carrol University  John Carol University  John Carroll College","1 John Carroll Boulevard","University Heights","OH","44118-4538","8883882977","sites.jcu.edu/","340714681","39035","Cuyahoga County","-81.531338","41.491321","-2","-2","-2","1","2","1","2","8"
"203386","Hondros College of Nursing","2019","","4140 Executive Parkway","Westerville","OH","43081","8559068773","www.hondros.edu","311058931","39049","Franklin County","-82.901039","40.084407","-2","-2","-2","1","3","1","3","5"
"203438","Casal Aveda Institute","2019","","6000 Mahoning Ave","Austintown","OH","44515","3307926504103","www.casalaveda.com","341651925","39099","Mahoning County","-80.775293","41.102228","-2","-2","-2","1","6","2","3","4"
"203447","Kent State University at Ashtabula","2019","","3300 Lake Road West","Ashtabula","OH","44004","4409643322","www.kent.edu/ashtabula","316402079","39007","Ashtabula County","-80.830377","41.888296","-2","-2","-2","1","1","1","1","5"
"203456","Kent State University at East Liverpool","2019","","400 E 4th St","East Liverpool","OH","43920","3303853805","www.kent.edu/columbiana","316402079","39029","Columbiana County","-80.576702","40.616966","-2","-2","-2","1","1","1","1","5"
"203465","Kent State University at Stark","2019","","6000 Frank Ave NW","Canton","OH","44720-7599","3304999600","www.kent.edu/stark","316402079","39151","Stark County","-81.437310","40.868568","-2","-2","-2","1","1","1","1","7"
"203474","Kent State University at Trumbull","2019","","4314 Mahoning Ave N.W.","Warren","OH","44483","3308470571","www.kent.edu/trumbull","316402079","39155","Trumbull County","-80.836233","41.278748","-2","-2","-2","1","1","1","1","7"
"203483","Kent State University at Tuscarawas","2019","","330 University Dr N.E.","New Philadelphia","OH","44663-9403","3303393391","www.kent.edu/tusc","316402079","39157","Tuscarawas County","-81.407707","40.467736","-2","-2","-2","1","1","1","1","5"
"203492","Kent State University at Salem","2019","","2491 State Route 45 South","Salem","OH","44460","3303320361","www.kent.edu/columbiana","316402079","39029","Columbiana County","-80.835458","40.864080","-2","-2","-2","1","1","1","1","5"
"203517","Kent State University at Kent","2019","","Executive Office, 2nd Floor Library","Kent","OH","44242-0001","3306723000","www.kent.edu","316402079","39133","Portage County","-81.342533","41.146653","-2","-2","-2","1","1","1","1","9"
"203526","Kent State University at Geauga","2019","","14111 Claridon-Troy Rd","Burton","OH","44021","4408344187","www.kent.edu/geauga","316402079","39055","Geauga County","-81.143085","41.483727","-2","-2","-2","1","1","1","1","7"
"203535","Kenyon College","2019","","Kenyon College","Gambier","OH","43022","7404275000","https://www.kenyon.edu/","314379507","39083","Knox County","-82.397977","40.374408","-2","-2","-2","1","2","1","2","5"
"203544","Kettering College","2019","","3737 Southern Blvd","Kettering","OH","45429-1299","9373958601","kc.edu","310621866","39113","Montgomery County","-84.192006","39.695052","-2","-2","-2","1","2","1","2","9"
"203580","Lake Erie College","2019","LEC","391 W Washington St","Painesville","OH","44077-3389","4403757000","www.lec.edu","340733165","39085","Lake County","-81.251817","41.717841","-2","-2","-2","1","2","1","2","7"
"203599","Lakeland Community College","2019","Lakeland|Lakeland College|LCC","7700 Clocktower Drive","Kirtland","OH","44094-5198","4405257000","www.lakelandcc.edu","341011011","39085","Lake County","-81.364723","41.637463","-2","-2","-2","1","4","2","1","3"
"203614","O C Collins Career Center","2019","Lawrence Count Joint Vocational School  Collins Career Center","11627 State Rte 243","Chesapeake","OH","45619-0000","7408676641202","www.collins-cc.edu","310749724","39087","Lawrence County","-82.473516","38.491898","-2","-2","-2","1","4","2","1","4"
"203678","James A Rhodes State College","2019","Rhodes State College","4240 Campus Dr","Lima","OH","45804","4199958320","www.rhodesstate.edu","310802588","39003","Allen County","-84.026319","40.738347","-2","-2","-2","1","4","2","1","3"
"203720","Ohio Business College-Sheffield","2019","","5095 Waterford Dr.","Sheffield Village","OH","44035-0701","44093431012330","www.ohiobusinesscollege.edu/","311562541","39093","Lorain County","-82.073403","41.423809","-2","-2","-2","1","6","2","3","3"
"203739","Ohio Business College-Sandusky","2019","","5202 Timber Commons Drive","Sandusky","OH","44870-5871","41962783452210","www.OhioBusinessCollege.Edu","311563541","39043","Erie County","-82.667389","41.415212","-2","-2","-2","1","6","2","3","3"
"203748","Lorain County Community College","2019","LCCC","1005 North Abbe Rd","Elyria","OH","44035-1691","4403655222","https://www.lorainccc.edu","340930187","39093","Lorain County","-82.073549","41.413293","-2","-2","-2","1","1","1","1","5"
"203757","Lourdes University","2019","","6832 Convent Blvd","Sylvania","OH","43560-2898","4198853211","www.lourdes.edu","341226547","39095","Lucas County","-83.706108","41.710009","-2","-2","-2","1","2","1","2","9"
"203775","Malone University","2019","","2600 Cleveland Avenue NW","Canton","OH","44709-3308","3304718100","https://www.malone.edu","340737794","39151","Stark County","-81.376863","40.825662","-2","-2","-2","1","2","1","2","7"
"203845","Marietta College","2019","","Irvine Bldg","Marietta","OH","45750","8003317896","www.marietta.edu","314379584","39167","Washington County","-81.450045","39.416680","-2","-2","-2","1","2","1","2","7"
"203881","Marion Technical College","2019","","1467 Mount Vernon Ave","Marion","OH","43302-5694","7403894636","www.mtc.edu","310798878","39101","Marion County","-83.089156","40.577017","-2","-2","-2","1","4","2","1","3"
"203942","Medina County Career Center","2019","","1101 W Liberty St","Medina","OH","44256","3307258461157","https://mcjvs.edu/","341085997","39103","Medina County","-81.901592","41.155104","-2","-2","-2","1","7","3","1","2"
"203960","Mercy College of Ohio","2019","Mercy College","2221 Madison Avenue","Toledo","OH","43604-1132","4192511313","www.mercycollege.edu","341726619","39095","Lucas County","-83.552538","41.658319","-2","-2","-2","1","2","1","2","8"
"203997","Methodist Theological School in Ohio","2019","MTSO","3081 Columbus Pike","Delaware","OH","43015-3211","74036311463440","www.mtso.edu","314421101","39041","Delaware County","-83.060146","40.253643","-2","-2","-2","1","2","1","2","9"
"204006","Miami University-Hamilton","2019","","1601 University Blvd","Hamilton","OH","45011","5137853000","miamioh.edu/regionals/","316402089","39017","Butler County","-84.563385","39.377448","-2","-2","-2","1","1","1","1","7"
"204015","Miami University-Middletown","2019","","4200 E University Blvd","Middletown","OH","45042","5137273200","miamioh.edu/regionals/","316402089","39017","Butler County","-84.357240","39.523776","-2","-2","-2","1","1","1","1","7"
"204024","Miami University-Oxford","2019","Miami of Ohio","501 East High St","Oxford","OH","45056","5135291809","miamioh.edu","316402089","39017","Butler County","-84.732954","39.507757","-2","-2","-2","1","1","1","1","9"
"204121","Moler Hollywood Beauty Academy","2019","","6142 Montgomery Rd","Cincinnati","OH","45213","5136215262","www.molerhollywood.com/","311066617","39061","Hamilton County","-84.425549","39.182803","-2","-2","-2","1","6","2","3","4"
"204158","Miami Valley Career Technology Center","2019","Miami Valley CTC  MVCTC  Montgomery County JVS","6800 Hoke Rd","Englewood","OH","45315","8007167161","www.mvctc.com/ae","310742818","39113","Montgomery County","-84.328951","39.845377","-2","-2","-2","1","7","3","1","2"
"204176","Mount Carmel College of Nursing","2019","","127 So.  Davis Ave","Columbus","OH","43222-1504","6142345800","www.mccn.edu","311308555","39049","Franklin County","-83.021501","39.956625","-2","-2","-2","1","2","1","2","9"
"204185","University of Mount Union","2019","","1972 Clark Ave.","Alliance","OH","44601-3993","8009926682","www.mountunion.edu","340714687","39151","Stark County","-81.111029","40.905256","-2","-2","-2","1","2","1","2","9"
"204194","Mount Vernon Nazarene University","2019","MVNU","800 Martinsburg Rd","Mount Vernon","OH","43050-9500","7403926868","www.mvnu.edu","310725957","39083","Knox County","-82.471074","40.372901","-2","-2","-2","1","2","1","2","7"
"204200","Mount Saint Joseph University","2019","Mount St. Joseph University, Mount St. Joe, Mount, The Mount,Mount St. Joseph University on the Ohio.","5701 Delhi Rd","Cincinnati","OH","45233-1670","5132444200","www.msj.edu","237179567","39061","Hamilton County","-84.639453","39.095893","-2","-2","-2","1","2","1","2","9"
"204255","Zane State College","2019","","1555 Newark Rd","Zanesville","OH","43701-2626","7405885000","www.zanestate.edu","310796550","39119","Muskingum County","-82.031198","39.962410","-2","-2","-2","1","4","2","1","3"
"204264","Muskingum University","2019","Muskingum","163 Stormont Street","New Concord","OH","43762","7408268211","www.muskingum.edu/","314379515","39119","Muskingum County","-81.737030","39.996426","-2","-2","-2","1","2","1","2","7"
"204334","National Beauty College","2019","","4642 Cleveland Ave NW","Canton","OH","44709-1837","3304995596","www.nationalbc.com","341022080","39151","Stark County","-81.392278","40.849493","-2","-2","-2","1","9","3","3","2"
"204422","North Central State College","2019","","2441 Kenwood Circle","Mansfield","OH","44901-0698","4197554800","https://www.ncstatecollege.edu","341038108","39139","Richland County","-82.581582","40.798777","-2","-2","-2","1","1","1","1","5"
"204431","Northern Institute of Cosmetology","2019","","669 Broadway","Lorain","OH","44052-1803","4402444282","www.nicosmetology.com","341172259","39093","Lorain County","-82.174342","41.465263","-2","-2","-2","1","9","3","3","2"
"204440","Northwest State Community College","2019","","22600 State Route 34","Archbold","OH","43502-9542","4192675511","https://northweststate.edu","341003685","39069","Henry County","-84.297855","41.450596","-2","-2","-2","1","4","2","1","3"
"204459","Toledo Public Schools Adult and Continuing Education","2019","","3281 UPTON AVENUE","Toledo","OH","43613","4196718700","www.tps.org","346401449","39095","Lucas County","-83.590926","41.682287","-2","-2","-2","1","7","3","1","2"
"204468","Notre Dame College","2019","","4545 College Rd","Cleveland","OH","44121-4293","2163811680","www.notredamecollege.edu","340714689","39035","Cuyahoga County","-81.516617","41.506894","-2","-2","-2","1","2","1","2","7"
"204477","Northeast Ohio Medical University","2019","NEOMED","4209 State Route 44","Rootstown","OH","44272-0095","8006862511","www.neomed.edu/","341131512","39133","Portage County","-81.245302","41.102919","-2","-2","-2","1","1","1","1","9"
"204486","University of Northwestern Ohio","2019","","1441 N Cable Rd","Lima","OH","45805","4192273141","www.unoh.edu","341695897","39003","Allen County","-84.157004","40.762917","-2","-2","-2","1","2","1","2","7"
"204501","Oberlin College","2019","","70 N Professor St","Oberlin","OH","44074","4407758411","www.oberlin.edu","340714363","39093","Lorain County","-82.216795","41.291992","-2","-2","-2","1","2","1","2","7"
"204608","Ohio Technical College","2019","","1374 E 51st St","Cleveland","OH","44103","2168811700","www.ohiotech.edu","341056491","39035","Cuyahoga County","-81.656868","41.518038","-2","-2","-2","1","6","2","3","4"
"204617","Ohio Dominican University","2019","ODU","1216 Sunbury Road","Columbus","OH","43219","6142532741","www.ohiodominican.edu","314379560","39049","Franklin County","-82.940689","39.992764","-2","-2","-2","1","2","1","2","7"
"204635","Ohio Northern University","2019","Northern|ONU","525 S. Main St","Ada","OH","45810-1599","4197722000","www.onu.edu/","344429091","39065","Hardin County","-83.827441","40.766200","-2","-2","-2","1","2","1","2","9"
"204662","Ohio State University Agricultural Technical Institute","2019","","1328 Dover Rd","Wooster","OH","44691-4000","3302871331","ati.osu.edu/","316025986","39169","Wayne County","-81.922936","40.775194","-2","-2","-2","1","4","2","1","3"
"204671","Ohio State University-Lima Campus","2019","","4240 Campus Dr","Lima","OH","45804","5672427272","lima.osu.edu/","316025986","39003","Allen County","-84.023840","40.738521","-2","-2","-2","1","1","1","1","5"
"204680","Ohio State University-Mansfield Campus","2019","","1760 University Drive","Mansfield","OH","44906","4197554317","mansfield.osu.edu/","316025986","39139","Richland County","-82.580194","40.796536","-2","-2","-2","1","1","1","1","5"
"204699","Ohio State University-Marion Campus","2019","","1461 Mount Vernon Ave","Marion","OH","43302-5695","7403896786","osumarion.osu.edu/","316025986","39101","Marion County","-83.090597","40.577779","-2","-2","-2","1","1","1","1","5"
"204705","Ohio State University-Newark Campus","2019","","1179 University Dr","Newark","OH","43055","7403663321","newark.osu.edu/","316025986","39089","Licking County","-82.447441","40.069314","-2","-2","-2","1","1","1","1","7"
"204714","Ohio State Beauty Academy","2019","OSBA","1760 N. Eastown Rd.","Lima","OH","45807","4192297896104","www.ohiostatebeauty.com","481256155","39003","Allen County","-84.164435","40.761697","-2","-2","-2","1","6","2","3","4"
"204723","Ohio State College of Barber Styling","2019","","4614 E Broad St","Columbus","OH","43213","6148681015","www.osbc.edu","311626672","39049","Franklin County","-82.877144","39.977375","-2","-2","-2","1","6","2","3","4"
"204769","The Spa School","2019","","5050 N High","Columbus","OH","43214","6142525252","https://salonschools.ohiostate.edu/","310737577","39049","Franklin County","-83.018081","40.065397","-2","-2","-2","1","6","2","3","4"
"204778","Ohio State School of Cosmetology-Canal Winchester","2019","","6077 GENDER ROAD","CANAL WINCHESTER","OH","43110","6142525252","https://salonschools.ohiostate.edu/","310737577","39049","Franklin County","-82.831966","39.856608","-2","-2","-2","1","6","2","3","4"
"204796","Ohio State University-Main Campus","2019","","190 N. Oval Mall","Columbus","OH","43210","6142926446","www.osu.edu/","316025986","39049","Franklin County","-83.014853","39.999324","-2","-2","-2","1","1","1","1","9"
"204802","Ohio University-Eastern Campus","2019","","45425 National Rd W","Saint Clairsville","OH","43950","7406951720","https://www.ohio.edu/eastern/","316402113","39013","Belmont County","-80.976073","40.073392","-2","-2","-2","1","1","1","1","5"
"204820","Ohio University-Chillicothe Campus","2019","","101 University Drive","Chillicothe","OH","45601-0629","7407747200","https://www.ohio.edu/chillicothe/","316402113","39141","Ross County","-83.002175","39.329404","-2","-2","-2","1","1","1","1","5"
"204839","Ohio University-Southern Campus","2019","","1804 Liberty Ave","Ironton","OH","45638","7405334600","https://www.ohio.edu/southern/","316402113","39087","Lawrence County","-82.666876","38.524781","-2","-2","-2","1","1","1","1","5"
"204848","Ohio University-Lancaster Campus","2019","","1570 Granville Pike","Lancaster","OH","43130-1037","7406546711","https://www.ohio.edu/lancaster/","316402113","39045","Fairfield County","-82.586069","39.738752","-2","-2","-2","1","1","1","1","5"
"204857","Ohio University-Main Campus","2019","","020 Chubb Hall","Athens","OH","45701-2979","7405931000","https://www.ohio.edu","316402113","39009","Athens County","-82.100985","39.326798","-2","-2","-2","1","1","1","1","9"
"204866","Ohio University-Zanesville Campus","2019","","1425 Newark Rd","Zanesville","OH","43701","7404530762","https://www.ohio.edu/zanesville/","316402113","39119","Muskingum County","-82.031063","39.960980","-2","-2","-2","1","1","1","1","5"
"204884","Ohio Valley College of Technology","2019","","15258 State Route 170","East Liverpool","OH","43920-9585","3303851070","ovct.edu","341425951","39029","Columbiana County","-80.572063","40.679600","-2","-2","-2","1","6","2","3","3"
"204893","Trinity Health System School of Nursing","2019","","4000 Sunset Boulevard Suite 2631","Steubenville","OH","43952-3512","7402661230","https://trinityson.com/","340714474","39081","Jefferson County","-80.672323","40.376294","-2","-2","-2","1","5","2","2","4"
"204909","Ohio Wesleyan University","2019","OWU","61 S Sandusky Street","Delaware","OH","43015-2370","7403682000","www.owu.edu/","314379585","39041","Delaware County","-83.069757","40.295963","-2","-2","-2","1","2","1","2","5"
"204936","Otterbein University","2019","","1 South Grove Street","Westerville","OH","43081","6148903000","https://www.otterbein.edu","314379532","39049","Franklin County","-82.936444","40.125327","-2","-2","-2","1","2","1","2","9"
"204945","Owens Community College","2019","Owens State Community College","30335 Oregon Rd","Perrysburg","OH","43551","5676617000","https://www.owens.edu","341059164","39173","Wood County","-83.538634","41.587998","-2","-2","-2","1","4","2","1","3"
"204963","Paramount Beauty Academy","2019","","1745 11th St","Portsmouth","OH","45662-4527","7403532436","www.paramountbeautyacademy.com","311288866","39145","Scioto County","-82.979351","38.739039","-2","-2","-2","1","6","2","3","4"
"204981","Cuyahoga Valley Career Center","2019","CVCC","8001 Brecksville Road","Brecksville","OH","44141-1296","4407468230","www.cvccworks.edu/","341055559","39035","Cuyahoga County","-81.625375","41.344555","-2","-2","-2","1","7","3","1","2"
"204990","Payne Theological Seminary","2019","","1230 Wilberforce-Clifton Rd.","Wilberforce","OH","45384","9373762946","www.payne.edu","316000921","39057","Greene County","-83.884871","39.715286","-2","-2","-2","1","2","1","2","9"
"205027","Pontifical College Josephinum","2019","","7625 N High Street","Columbus","OH","43235-1499","6148855585","WWW.PCJ.EDU","314379535","39049","Franklin County","-83.018829","40.120735","-2","-2","-2","1","2","1","2","7"
"205054","Professional Skills Institute","2019","","1505 Holland Road","Maumee","OH","43537","4197206670","www.proskills.edu","811097786","39095","Lucas County","-83.672408","41.584008","-2","-2","-2","1","6","2","3","3"
"205090","Firelands Regional Medical Center School of Nursing","2019","","1912 Hayes Ave","Sandusky","OH","44870-4788","4195577110","https://www.firelands.com/education-training/school-of-nursing/","344428654","39043","Erie County","-82.711890","41.437190","-2","-2","-2","1","5","2","2","4"
"205124","Rabbinical College Telshe","2019","Telshe Yeshiva","28400 Euclid Ave","Wickliffe","OH","44092","440943530022","independentrabbinicalcolleges.org/index.html","340801310","39085","Lake County","-81.485261","41.593533","-2","-2","-2","1","2","1","2","9"
"205142","Raphael's School of Beauty Culture Inc-Niles","2019","","815 Youngstown Warren Rd","Niles","OH","44446","3307823395","www.raphaelsbeautyschool.edu","341244083","39155","Trumbull County","-80.728030","41.197513","-2","-2","-2","1","6","2","3","4"
"205179","Fortis College-Centerville","2019","","555 E Alex Bell Rd","Centerville","OH","45459-2712","9374333410","www.fortiscollege.edu","310745846","39113","Montgomery County","-84.146046","39.644364","-2","-2","-2","1","6","2","3","3"
"205203","University of Rio Grande","2019","University of Rio Grande and Rio Grande Community College","218 N College Ave","Rio Grande","OH","45674","7402457206","https://www.rio.edu","314379537","39053","Gallia County","-82.378852","38.881764","-2","-2","-2","1","2","1","2","7"
"205391","The Modern College of Design","2019","","1725 E David Rd","Kettering","OH","45440","9372940592","https://themodern.edu","452519379","39113","Montgomery County","-84.134269","39.681305","-2","-2","-2","1","3","1","3","5"
"205443","Shawnee State University","2019","","940  Second  St","Portsmouth","OH","45662","7403543205","www.shawnee.edu/","310846917","39145","Scioto County","-82.993769","38.730867","-2","-2","-2","1","1","1","1","7"
"205470","Sinclair Community College","2019","","444 W. Third St.","Dayton","OH","45402-1460","9375123000","www.sinclair.edu","310723444","39113","Montgomery County","-84.200628","39.757598","-2","-2","-2","1","1","1","1","5"
"205559","Hussian College-Daymar College Columbus","2019","Hussian College - Daymar College Columbus","2745 Winchester Pike","Columbus","OH","43232","7173801385","www.daymarcollege.edu","261643300","39049","Franklin County","-82.916201","39.915940","-2","-2","-2","1","6","2","3","3"
"205841","Stark State College","2019","","6200 Frank Ave NW","North Canton","OH","44720","3304946170","www.starkstate.edu","341055865","39151","Stark County","-81.439017","40.870597","-2","-2","-2","1","4","2","1","3"
"205887","Stautzenberger College-Maumee","2019","","1796 Indian Wood Circle","Maumee","OH","43537-4007","4198660261","https://www.sctoday.edu","522190635","39095","Lucas County","-83.683042","41.582662","-2","-2","-2","1","6","2","3","3"
"205957","Franciscan University of Steubenville","2019","Franciscan|Steubenville","1235 University Blvd","Steubenville","OH","43952-1763","7402833771","www.franciscan.edu","340714818","39081","Jefferson County","-80.620524","40.376919","-2","-2","-2","1","2","1","2","8"
"205966","Southern State Community College","2019","","100 Hobart Drive","Hillsboro","OH","45133-9406","9373933431","https://www.sscc.edu","310858297","39071","Highland County","-83.614085","39.236924","-2","-2","-2","1","4","2","1","3"
"206011","Terra State Community College","2019","Terra Community College|Terra Technical College","2830 Napoleon Rd","Fremont","OH","43420-9670","4193348400","www.terra.edu","341054067","39143","Sandusky County","-83.157799","41.354111","-2","-2","-2","1","4","2","1","3"
"206039","Tiffin Academy of Hair Design","2019","","104 E Market St","Tiffin","OH","44883","4194473117","TIFFINACADEMY.COM","341966490","39147","Seneca County","-83.175814","41.114497","-2","-2","-2","1","9","3","3","2"
"206048","Tiffin University","2019","","155 Miami Street","Tiffin","OH","44883","8009686446","www.tiffin.edu","344427516","39147","Seneca County","-83.184197","41.118316","-2","-2","-2","1","2","1","2","9"
"206084","University of Toledo","2019","","2801 W Bancroft","Toledo","OH","43606-3390","8005865336","www.utoledo.edu/","346401483","39095","Lucas County","-83.614714","41.660572","-2","-2","-2","1","1","1","1","9"
"206154","Tri-State Bible College","2019","TSBC  Tri State Bible College   TriState Bible College","506 Margaret St","South Point","OH","45680","740377252010","www.tsbc.edu","310792741","39087","Lawrence County","-82.579887","38.426238","-2","-2","-2","1","2","1","2","7"
"206172","Tri-County Adult Career Center","2019","Tri-County Career Center  Tri-County Vocational School  Tri-County JVS","15676 St Rt 691","Nelsonville","OH","45764","7407535464","www.tricountyhightech.com","310723866","39009","Athens County","-82.210554","39.433202","-2","-2","-2","1","7","3","1","2"
"206181","Tri-Rivers Career Center","2019","","2222 Marion - Mt. Gilead Rd","Marion","OH","43302-8914","74038946825500","www.tririvers.com","310843022","39101","Marion County","-83.069824","40.583077","-2","-2","-2","1","7","3","1","2"
"206279","Union Institute & University","2019","Union, UI&U","440 E McMillan St","Cincinnati","OH","45206-1925","8008616400","https://www.myunion.edu","310747997","39061","Hamilton County","-84.500166","39.126921","-2","-2","-2","1","2","1","2","9"
"206288","United Theological Seminary","2019","","4501 Denlinger Rd.","Dayton","OH","45426-2308","9375292201","www.united.edu","310568239","39113","Montgomery County","-84.276913","39.813423","-2","-2","-2","1","2","1","2","9"
"206321","Upper Valley Career Center","2019","Upper Valley Joint Vocational School","8811 Looney Road","Piqua","OH","45356","9377781980","www.uppervalleycc.org","310819594","39109","Miami County","-84.213946","40.161207","-2","-2","-2","1","7","3","1","2"
"206330","Urbana University","2019","","579 College Way","Urbana","OH","43078-2091","9377729200","www.urbana.edu","344427951","39021","Champaign County","-83.760301","40.102594","202806","2019","-2","3","2","1","2","7"
"206349","Ursuline College","2019","","2550 Lander Rd","Pepper Pike","OH","44124","4404494200","www.ursuline.edu","340714777","39035","Cuyahoga County","-81.465118","41.497035","-2","-2","-2","1","2","1","2","9"
"206394","The North Coast College","2019","","11724 Detroit Avenue","Lakewood","OH","44107","2162218584","www.thencc.edu","341115643","39035","Cuyahoga County","-81.769767","41.484253","-2","-2","-2","1","3","1","3","5"
"206437","Walsh University","2019","","2020 East Maple St","North Canton","OH","44720-3396","3304997090","https://www.walsh.edu","340868798","39151","Stark County","-81.369931","40.873908","-2","-2","-2","1","2","1","2","9"
"206446","Washington State Community College","2019","WSCC|Washington State CC|Washington State|W.S.C.C.|Washington State C. C.|Washington State C.C.","710 Colegate Dr","Marietta","OH","45750","7403748716","www.wscc.edu","311323212","39167","Washington County","-81.433920","39.430824","-2","-2","-2","1","4","2","1","3"
"206491","Wilberforce University","2019","","1055 N Bickett Rd","Wilberforce","OH","45384-1001","9373762911","www.wilberforce.edu","310604719","39057","Greene County","-83.880595","39.707291","-2","-2","-2","1","2","1","2","7"
"206507","Wilmington College","2019","","1870 Quaker Way","Wilmington","OH","45177","8003419318","https://www.wilmington.edu","310537514","39027","Clinton County","-83.818342","39.444744","-2","-2","-2","1","2","1","2","5"
"206516","Winebrenner Theological Seminary","2019","","950 North Main Street","Findlay","OH","45840","4194344200","www.winebrenner.edu","340877803","39063","Hancock County","-83.650711","41.052464","-2","-2","-2","1","2","1","2","9"
"206525","Wittenberg University","2019","","Ward St at N Wittenberg Ave","Springfield","OH","45504","9373276231","www.wittenberg.edu","310537177","39023","Clark County","-83.815445","39.934029","-2","-2","-2","1","2","1","2","7"
"206589","The College of Wooster","2019","Wooster","1189 Beall Avenue","Wooster","OH","44691","3302632000","https://www.wooster.edu","340714654","39169","Wayne County","-81.934674","40.810460","-2","-2","-2","1","2","1","2","5"
"206604","Wright State University-Main Campus","2019","","3640 Colonel Glenn Highway","Dayton","OH","45435-0001","9377751000","www.wright.edu","310732831","39057","Greene County","-84.064881","39.780634","-2","-2","-2","1","1","1","1","9"
"206613","Wright State University-Lake Campus","2019","","7600 Lake Campus Drive","Celina","OH","45822-2952","4195860300","https://lake.wright.edu","310732831","39107","Mercer County","-84.509194","40.546074","-2","-2","-2","1","1","1","1","5"
"206622","Xavier University","2019","XU | X","3800 Victory Parkway","Cincinnati","OH","45207-1092","5137453000","https://www.xavier.edu","310537516","39061","Hamilton County","-84.474650","39.149547","-2","-2","-2","1","2","1","2","9"
"206695","Youngstown State University","2019","","One University Plaza","Youngstown","OH","44555-0001","8774686978","https://ysu.edu/","341011998","39099","Mahoning County","-80.646590","41.104928","-2","-2","-2","1","1","1","1","9"
"245892","Antioch University-Midwest","2019","Antioch University McGregor","900 Dayton St","Yellow Springs","OH","45387","9377691800","midwest.antioch.edu/","310536640","39057","Greene County","-83.908684","39.803210","-2","-2","-2","1","2","1","2","7"
"249566","TDDS Technical Institute","2019","","1688 North Pricetown Road, Sr 534 PO BOX 506","Lake Milton","OH","44429","3305382216","www.tdds.edu","341127218","39099","Mahoning County","-80.957782","41.115282","-2","-2","-2","1","9","3","3","2"
"250902","Moler-Pickens Beauty Academy","2019","","5951-S Boymel Dr.","Fairfield","OH","45014","5138745116","molerhollywood.com","311066617","39017","Butler County","-84.499701","39.317488","-2","-2","-2","1","6","2","3","4"
"363147","Raphael's School of Beauty Culture Inc-Alliance","2019","","2445 W. State St.","Alliance","OH","44601","3308233884","raphaelsbeautyschool.edu","341244083","39151","Stark County","-81.152086","40.902642","-2","-2","-2","1","6","2","3","4"
"363882","Raphael's School of Beauty Culture Inc-Brunswick","2019","","3307 Center Rd.","Brunswick","OH","44212","3307823395","www.raphaelsbeautyschool.edu","341244083","39103","Medina County","-81.806142","41.240245","-2","-2","-2","1","6","2","3","4"
"364636","Portage Lakes Career Center","2019","","4401 Shriver Rd","Uniontown","OH","44685","3308968200","www.plcc.edu","341142856","39153","Summit County","-81.472008","40.943122","-2","-2","-2","1","7","3","1","2"
"365240","Greene County Vocational School District","2019","Greene County Career Center|Greene JVS|Greene County Joint Vocational School|Greene Career Center|Green County Career Center|Green JVS","2960 West Enon Road","Xenia","OH","45385-9545","9374266636","www.greeneccc.com","310681697","39057","Greene County","-83.946816","39.771037","-2","-2","-2","1","7","3","1","1"
"369109","Alliance Career Center","2019","","500 Glamorgan St.","Alliance","OH","44601","3308212102","www.accrtw.org","346000040","39151","Stark County","-81.111225","40.911271","-2","-2","-2","1","7","3","1","2"
"369905","Bryant & Stratton College-Solon","2019","","33001 Solon Rd.","Solon","OH","44139","4405101112","https://www.bryantstratton.edu","160364420","39035","Cuyahoga County","-81.445939","41.390012","201469","-2","-2","3","3","1","3","5"
"369950","Hamrick School","2019","","1156 Medina Rd","Medina","OH","44256","3302392229","https://www.hamrickschool.edu","462460420","39103","Medina County","-81.728742","41.135812","-2","-2","-2","1","9","3","3","1"
"375373","Knox County Career Center","2019","Knox Technical Center","308 Martinsburg Rd","Mount Vernon","OH","43050","7403932933","www.KnoxTechnicalCenter.com","310725620","39083","Knox County","-82.475117","40.375889","-2","-2","-2","1","7","3","1","2"
"375407","Madison Adult Career Center","2019","","600 Esley Ln","Mansfield","OH","44905","41958963638632","www.madisonadultcc.org","346004371","39139","Richland County","-82.460912","40.774328","-2","-2","-2","1","4","2","1","4"
"375416","Remington College-Cleveland Campus","2019","","14445 Broadway Ave","Cleveland","OH","44125-1957","4407772560","www.remingtoncollege.edu/cleveland-ohio-career-schools-overview","273339369","39035","Cuyahoga County","-81.579347","41.422951","-2","-2","-2","1","5","2","2","3"
"375540","Toledo Academy of Beauty Culture-East","2019","Toledo Academy of Beauty","3341 NAVARRE AVE.","OREGON","OH","43616","4196937257","toledoacademyofbeauty.com","341171873","39095","Lucas County","-83.469064","41.638647","-2","-2","-2","1","9","3","3","1"
"375568","U S Grant Joint Vocational School","2019","Grant Career Center","718 West Plane Street","Bethel","OH","45106","5137346222","www.grantcareer.com","310838771","39025","Clermont County","-84.094071","38.969393","-2","-2","-2","1","7","3","1","1"
"383312","Buckeye Joint Vocational School","2019","Buckeye Career Center","545 University Dr NE","New Philadelphia","OH","44663-9450","3303085720","www.buckeyecareercenter.org","341089502","39157","Tuscarawas County","-81.401957","40.470531","-2","-2","-2","1","7","3","1","2"
"383330","Sandusky Career Center","2019","","2130A Hayes Ave","Sandusky","OH","44870","4199841100","www.sanduskycareercenter.org","346401310","39043","Erie County","-82.712060","41.434830","-2","-2","-2","1","4","2","1","4"
"388663","Inner State Beauty School","2019","","5150 Mayfield Road","Lyndhurst","OH","44124-2406","4404424500","www.innerstatebeautyschool.com","341410799","39035","Cuyahoga County","-81.494178","41.519527","-2","-2","-2","1","6","2","3","4"
"389860","Mid-EastCTC-Adult Education","2019","","400 Richards Rd","Zanesville","OH","43701","7404553111","www.mideastadulted.org","310727094","39119","Muskingum County","-81.976056","39.937192","-2","-2","-2","1","7","3","1","2"
"390905","Polaris Career Center","2019","","7285 Old Oak Blvd","Middleburg Heights","OH","44130-3375","4408917600","www.polaris.edu","341041874","39035","Cuyahoga County","-81.832474","41.364400","-2","-2","-2","1","7","3","1","2"
"405012","Ohio State School of Cosmetology-Heath","2019","","789 Hebron Road, Ste J","Heath","OH","43056","6142525252","https://salonschools.ohiostate.edu/","310737577","39089","Licking County","-82.440975","40.030110","-2","-2","-2","1","6","2","3","4"
"405021","Ohio State School of Cosmetology","2019","","137 E. Center Street","Marion","OH","43302","","","-1","39101","Marion County","-83.127863","40.588451","-2","2019","08/31/2018","3","6","2","3","4"
"407461","Eastland-Fairfield Career and Technical Schools","2019","Eastland-Fairfield","4300 Amalgamated Pl","Groveport","OH","43125-9236","6148364541","www.eastland-fairfield.com/","310717113","39049","Franklin County","-82.884305","39.886670","-2","-2","-2","1","7","3","1","2"
"407470","Empire Beauty School-Cincinnati","2019","Gary's Incorporated","8419 Colerain Ave","Cincinnati","OH","45239","8009204593","www.empire.edu","310738186","39061","Hamilton County","-84.588841","39.223250","-2","-2","-2","1","9","3","3","2"
"407489","Mahoning County Career and Technical Center","2019","","7300 N Palmyra Rd","Canfield","OH","44406-9710","3307294100","mahoningctc.com/mcctc-adult-career-center/","341058472","39099","Mahoning County","-80.787668","41.032696","-2","-2","-2","1","7","3","1","2"
"407513","Pickaway Ross Joint Vocational School District","2019","Pickaway-Ross Career & Technology Center","1410 Industrial Drive","Chillicothe","OH","45601-1038","740642120031288","www.pickawayross.com","310817518","39141","Ross County","-83.002700","39.362601","-2","-2","-2","1","7","3","1","2"
"407522","Pioneer Career and Technology Center","2019","","27 Ryan Rd","Shelby","OH","44875","419347774442301","www.pctc.k12.oh.us/","340971791","39139","Richland County","-82.670445","40.903305","-2","-2","-2","1","7","3","1","1"
"407568","Raphael's School of Beauty Culture Inc-Boardman","2019","","615 Boardman-Canfield Rd","Boardman","OH","44512","33078233951105","www.raphaelsbeautyschool.edu","341244083","39099","Mahoning County","-80.679801","41.023710","-2","-2","-2","1","6","2","3","4"
"407577","Scioto County Career Technical Center","2019","Scioto Tech, Scioto County CTC, SCCTC","951 Vern Riffe Drive","Lucasville","OH","45648-0766","7402595526","www.sciototech.org","310746718","39145","Scioto County","-82.979481","38.854707","-2","-2","-2","1","7","3","1","2"
"407595","Trumbull Career & Technical Center","2019","TCTC Adult Training Center","528 Educational Highway","Warren","OH","44483","33084705031600","www.tctchome.com","341008771","39155","Trumbull County","-80.824807","41.280649","-2","-2","-2","1","7","3","1","2"
"407832","Warren County Career Center","2019","","3525 North State Route 48","Lebanon","OH","45036-1099","5139328145","www.mywccc.org","310803915","39165","Warren County","-84.202969","39.488772","-2","-2","-2","1","4","2","1","4"
"409537","Pike County Joint Vocational School District","2019","Pike County Career Technology Center  Vern Riffe Career Technology Center","175 Beaver Creek Rd","Piketon","OH","45661","7402892282101","www.pikectc.org","310731674","39131","Pike County","-83.007113","39.054045","-2","-2","-2","1","7","3","1","1"
"409591","Lorain County Joint Vocational School District","2019","","15181 St Rte 58 S","Oberlin","OH","44074","440774105122322","https://www.lcjvs.com/loraincountyadultcareercenter_home.aspx","341026617","39093","Lorain County","-82.213852","41.262182","-2","-2","-2","1","7","3","1","2"
"410797","Ohio Media School-Valley View","2019","","9885 Rockside Rd., Suite 160","Valley View","OH","44125-4220","2165035900","www.beonair.com","341527166","39035","Cuyahoga County","-81.615624","41.393531","-2","-2","-2","1","9","3","3","1"
"411754","Cleveland Clinic Health System-School of Diagnostic Imaging","2019","","18901 Lakeshore Blvd","Euclid","OH","44119","2166927512","www.clevelandclinic.org/sodi","340714616","39035","Cuyahoga County","-81.548554","41.598918","-2","-2","-2","1","5","2","2","4"
"418199","Penta County Joint Vocational School","2019","Penta Career Center","9301 Buck Road","Perrysburg","OH","43551-4594","4196616555","www.pentacareercenter.org","340946365","39173","Wood County","-83.571594","41.584263","-2","-2","-2","1","7","3","1","1"
"418205","Career and Technology Education Centers of Licking County","2019","C-TEC of Licking County","150 Price Rd","Newark","OH","43055-3399","7403642280","www.c-tec.edu/cms/One.aspx?portalId=76736&pageId=77833","310793684","39089","Licking County","-82.429175","40.099973","-2","-2","-2","1","7","3","1","2"
"418223","Northern Career Institute","2019","Willoughby-Eastlake School of Practical Nursing is a program that is offered at the Northern Career Institute","34050 Glen Drive, Suite 2","Eastlake","OH","44094","4406025094","ncioh.edu","346003081","39085","Lake County","-81.447126","41.653845","-2","-2","-2","1","7","3","1","2"
"418250","Washington County Career Center-Adult Technical Training","2019","","21740 St. Rt. 676","Marietta","OH","45750","7403736283","www.mycareerschool.com","310735812","39167","Washington County","-81.501060","39.432990","-2","-2","-2","1","7","3","1","2"
"418269","Ohio Media School-Cincinnati","2019","","4411 Montgomery Road","Norwood","OH","45212","5132716060","www.beonair.com","341527166","39061","Hamilton County","-84.458763","39.158005","-2","-2","-2","1","9","3","3","1"
"418278","Ohio Technical Center at Vantage Career Center","2019","","818 North Franklin Street","Van Wert","OH","45891","41923854112116","www.vantagecareercenter.com","341146218","39161","Van Wert County","-84.570198","40.882295","-2","-2","-2","1","7","3","1","2"
"421717","Vanguard-Sentinel Adult Career and Technology Center","2019","Vanguard Adult Career Center","1306 Cedar St","Fremont","OH","43420","5672012856","https://www.vscc.k12.oh.us/adult-ed/","340978908","39143","Sandusky County","-83.128188","41.365056","-2","-2","-2","1","7","3","1","2"
"433138","Wayne County Schools Career Center","2019","","518 W Prospect St","Smithville","OH","44677","33066970701323","www.wayne-jvs.k12.oh.us","341000350","39169","Wayne County","-81.868927","40.863781","-2","-2","-2","1","7","3","1","2"
"434830","Creative Images Institute of Cosmetology-North Dayton","2019","Creative Images College of Beauty  Creative Images Matrix Design Academy","7535 Poe Avenue","Dayton","OH","45414","9374541200","www.creativeimages.edu","311391827","39113","Montgomery County","-84.188407","39.855992","-2","-2","-2","1","6","2","3","4"
"439455","MDT College of Health Sciences","2019","ATS Institute of Technology","325 Alpha Park Dr","Highland Heights","OH","44143","4404491700","www.atsinstitute.edu/","311514095","39035","Cuyahoga County","-81.451979","41.544523","-2","-2","-2","1","9","3","3","2"
"439899","Rosedale Bible College","2019","","2270 Rosedale Rd","Irwin","OH","43029","7408571311","www.rosedale.edu","316081499","39097","Madison County","-83.456645","40.077583","-2","-2","-2","1","5","2","2","3"
"440138","Antioch University-System Administration","2019","","900 Dayton Street","Yellow Springs","OH","45387","9377691340","www.antioch.edu","310536640","39057","Greene County","-83.908684","39.803210","-2","-2","-2","1","0","1","2","9"
"441636","American Institute of Alternative Medicine","2019","AIAM","6685 Doubletree Ave","Columbus","OH","43229","6148256255","www.aiam.edu","311408847","39049","Franklin County","-82.988733","40.102442","-2","-2","-2","1","3","1","3","7"
"441645","Brown Aveda Institute-Mentor","2019","","8816 Mentor Ave","Mentor","OH","44060","4402559494246","WWW.BROWNAVEDA.COM","341686525","39085","Lake County","-81.324318","41.672002","-2","-2","-2","1","6","2","3","4"
"442392","Antioch University-PhD Program in Leadership and Change","2019","","900 Dayton Street","Yellow Springs","OH","45387","9377691360","www.antioch.edu/gslc/","310536640","39057","Greene County","-83.908684","39.803210","-2","-2","-2","1","2","1","2","9"
"444051","Creative Images Institute of Cosmetology-South Dayton","2019","","568 Miamisburg-Centrville Rd","Dayton","OH","45459","9374331944","www.creativeimages.edu","311391827","39113","Montgomery County","-84.174179","39.627019","-2","-2","-2","1","6","2","3","4"
"444635","Orion Institute","2019","Healing Arts Institute","340 Three Meadows Drive","Perrysburg","OH","43551","4198744496","www.orion.edu","341860468","39173","Wood County","-83.598514","41.556265","-2","-2","-2","1","9","3","3","2"
"448600","Stautzenberger College-Brecksville","2019","","8001 Katherine Boulevard","Brecksville","OH","44141","4408381999","https://www.sctoday.edu","522190635","39035","Cuyahoga County","-81.645056","41.288862","-2","-2","-2","1","6","2","3","3"
"449700","Dayton School of Medical Massage","2019","","4457 Far Hills Ave","Dayton","OH","45429","9372946994","www.massageschools.com","311450789","39113","Montgomery County","-84.168901","39.682932","-2","-2","-2","1","9","3","3","2"
"449719","Northcoast Medical Training Academy","2019","","1832 State Route 59","Kent","OH","44240","3306786600","northcoastmedicalacademy.com","562327250","39133","Portage County","-81.328959","41.152861","-2","-2","-2","1","9","3","3","2"
"450058","Fortis College-Columbus","2019","Bohecker College","4151 Executive Parkway Ste 120","Westerville","OH","43081","614882255122551","www.fortiscollege.edu","521590170","39049","Franklin County","-82.900188","40.083063","-2","-2","-2","1","6","2","3","3"
"450067","Fortis College-Cincinnati","2019","Bohecker College","11499 Chester Road Ste 200","Cincinnati","OH","45246","51377127952186","www.fortis.edu","521590170","39061","Hamilton County","-84.444969","39.283312","-2","-2","-2","1","6","2","3","3"
"450395","Brown Aveda Institute-Strongsville","2019","","17901 Southpark Center - Space 160","Strongsville","OH","44136","4402559494246","www.brownaveda.com","341686525","39035","Cuyahoga County","-81.826226","41.312522","-2","-2","-2","1","6","2","3","4"
"451468","Aveda Fredric's Institute-Cincinnati","2019","","7664 Voice of America Centre Drive","West Chester","OH","45069","5135330700","https://www.avedafi.edu","311638633","39017","Butler County","-84.361091","39.355410","-2","-2","-2","1","9","3","3","2"
"451477","MyComputerCareer.edu-Columbus","2019","MyComputerCareer","380 Polaris Parkway Suite 110","Westerville","OH","43082","9198136266","www.mycomputercareer.edu","454886083","39041","Delaware County","-82.941874","40.147019","-2","-2","-2","1","6","2","3","3"
"452081","Ross College-Sylvania","2019","","5834 Monroe Street, Suite F-J","Sylvania","OH","43560","4198823203","www.rosseducation.edu","202154596","39095","Lucas County","-83.680536","41.714006","-2","-2","-2","1","6","2","3","3"
"452373","ATA College - Cincinnati","2019","","225 Pictoria Drive, Suite 200","Cincinnati","OH","45246","5136711920","www.ata.edu","611264337","39061","Hamilton County","-84.478867","39.296710","-2","-2","-2","1","6","2","3","3"
"452540","Community Technology Learning Center of Portage","2019","Community Action Council of Portage County","243 S Prospect Street","Ravenna","OH","44266","3302968720103","www.cacportage.net","340967324","39133","Portage County","-81.241336","41.156019","-2","-2","-2","1","8","3","2","1"
"452771","Dental Assistant Pro LLC-Columbus","2019","","191 West Shrock Road","Westerville","OH","43081","5139323413","www.dentalassistantpro.com","201938728","39049","Franklin County","-82.932055","40.109752","-2","-2","-2","1","9","3","3","1"
"452780","Dental Assistant Pro-Lebanon","2019","","767 Columbus Avenue","Lebanon","OH","45036","5139323413","www.dentalassistantpro.com","201938728","39165","Warren County","-84.190385","39.445803","-2","-2","-2","1","9","3","3","1"
"452887","Elite Welding Academy LLC","2019","","9740 Near Drive","Cincinnati","OH","45246-1013","5138741410","www.eliteweldingacademy.com","510606029","39017","Butler County","-84.468434","39.313738","-2","-2","-2","1","9","3","3","2"
"452948","Galen College of Nursing-Cincinnati","2019","","100 E Business Way Ste 200","Cincinnati","OH","45241","5134753600","www.galencollege.edu/cincinnati","611140524","39061","Hamilton County","-84.365946","39.283693","-2","-2","-2","1","3","1","3","5"
"453297","International Culinary Arts and Sciences Institute","2019","ICASI, Loretta Paganini School of Cooking dba Internatinal Culinary Arts and Sciences Institute","8700 Mayfield Rd","Chesterland","OH","44026","4407297340","icasi.net","341632894","39055","Geauga County","-81.331711","41.523821","-2","-2","-2","1","9","3","3","2"
"453455","American National University-Dayton","2019","","1837 Woodman Center Dr","Kettering","OH","45420","9372999450","https://www.an.edu/locations/dayton-oh/","541000842","39113","Montgomery County","-84.127340","39.701120","-2","2019","06/01/2019","3","6","2","3","3"
"453756","The Ohio Media School-Columbus","2019","","5330 East Main St., Suite 200","Columbus","OH","43213","6146555250","beonair.com/locations/columbus","341527166","39049","Franklin County","-82.855400","39.955294","-2","-2","-2","1","9","3","3","1"
"453792","Ohio Medical Career College","2019","","1133 S. Edwin C Moses Blvd, Suite 110","Dayton","OH","45417","9375678880","www.omcc.edu","412277319","39113","Montgomery County","-84.195816","39.742339","-2","-2","-2","1","6","2","3","4"
"454236","Chamberlain University-Ohio","2019","Chamberlain College of Nursing–Columbus  Chamberlain College of Nursing-Cleveland","1350 Alum Creek Drive","Columbus","OH","43209","6142528890","https://www.chamberlain.edu/","202452410","39049","Franklin County","-82.940493","39.940449","-2","-2","-2","1","3","1","3","5"
"455275","Aveda Institute-Columbus","2019","","889 Bethel Road","Columbus","OH","43214","6142912421","https://www.nurturavedainstitutes.com/columbus/","201230907","39049","Franklin County","-83.043021","40.062719","-2","-2","-2","1","9","3","3","2"
"455284","Paul Mitchell the School-Cincinnati","2019","","11956 Lebanon Rd","Cincinnati","OH","45241","51376976993102","cincinnati.paulmitchell.edu","202701630","39061","Hamilton County","-84.392501","39.291618","-2","-2","-2","1","9","3","3","2"
"456065","Paul Mitchell the School-Cleveland","2019","","10735 Ravenna Rd","Twinsburg","OH","44087","3309630119","paulmitchell.edu/cleveland/","020747531","39153","Summit County","-81.463033","41.330927","-2","-2","-2","1","9","3","3","2"
"456074","Paul Mitchell the School-Columbus","2019","","3000 Morse Rd","Columbus","OH","43231","6144780922","paulmitchell.edu/columbus","161727221","39049","Franklin County","-82.938765","40.059575","-2","-2","-2","1","9","3","3","2"
"457022","Herzing University-Toledo","2019","","5212 Hill Ave","Toledo","OH","43615","4197760300104","https://www.herzing.edu/","271503981","39095","Lucas County","-83.665453","41.639266","-2","2019","04/24/2019","3","2","1","2","5"
"457873","Four County Career Center","2019","","22-900 State Rte 34","Archbold","OH","43502","4192673331","fourcounty.net/site.cfm/adult-education","341041876","39069","Henry County","-84.303115","41.452808","-2","-2","-2","1","7","3","1","2"
"457891","Elevate Salon Institute","2019","","13377 Smith Road","Middleburg Heights","OH","44130","4408438810","www.esicleveland.com","205297906","39035","Cuyahoga County","-81.791333","41.375544","-2","2019","06/29/2019","3","6","2","3","4"
"457916","Summit Salon Academy-Perrysburg","2019","Summit Salon Academy-Perrysburg","116 W S Boundary St","Perrysburg","OH","45551","41987399993","www.summitsalonacademyperrysburg.edu","811110984","39173","Wood County","-83.620281","41.544240","-2","-2","-2","1","6","2","3","4"
"460118","Ross Medical Education Center-Niles","2019","","5555 Youngstown-Warren Rd, Unit 909","Niles","OH","44446","3305051436","www.rosseducation.edu","202154596","39155","Trumbull County","-80.746465","41.212037","-2","-2","-2","1","9","3","3","2"
"461111","Allstate Hairstyling & Barber College","2019","Allstate Barber College","2546 Lorain Avenue","Cleveland","OH","44113-3413","2162416684","www.allstatehairstyling.com","340878763","39035","Cuyahoga County","-81.704403","41.484002","-2","-2","-2","1","6","2","3","4"
"461999","Elite School of Cosmetology","2019","","175 Benedict Avenue","Norwalk","OH","44857-2714","4196682333","https://es.edu","810609952","39077","Huron County","-82.607950","41.233614","-2","-2","-2","1","6","2","3","4"
"475699","Bryant & Stratton College-Akron","2019","","190 Montrose West Avenue","Copley","OH","44321-2798","3305982500223","https://www.bryantstratton.edu","160364420","39153","Summit County","-81.655095","41.128200","201469","-2","-2","3","3","1","3","5"
"476629","Salon Institute-Toledo Campus","2019","","3034 Wilford Drive","Toledo","OH","43615-1731","4198664489","www.saloninstitute.edu","262942900","39095","Lucas County","-83.696989","41.674855","-2","-2","-2","1","6","2","3","4"
"476683","Athena Career Academy","2019","","5203 Airport Hwy","Toledo","OH","43615","4194721150","www.athenacareers.edu","270968251","39095","Lucas County","-83.665339","41.614633","-2","-2","-2","1","6","2","3","3"
"480082","South University-Cleveland","2019","","4743 Richmond Rd","Warrensville Heights","OH","44128","2167555000","www.southuniversity.edu/cleveland#location=Cleveland,%20OH","822079393","39035","Cuyahoga County","-81.496974","41.431412","-2","2019","12/19/2019","1","3","1","3","7"
"480523","Ross Medical Education Center-Dayton","2019","","4490 Brandt Pike","Dayton","OH","45424","9372350510","www.rosseducation.edu","261711705","39113","Montgomery County","-84.126037","39.816855","-2","-2","-2","1","9","3","3","2"
"480532","Ross Medical Education Center-Ontario","2019","","2150 W 4th St","Ontario","OH","44906","4197472206","www.rosseducation.edu","202154596","39139","Richland County","-82.591867","40.774210","-2","-2","-2","1","9","3","3","2"
"481544","National Personal Training Institute of Columbus","2019","","10516 Sawmill Road, Suite C","Powell","OH","43065","6143362664","www.nptiohio.edu","202424297","39041","Delaware County","-83.089701","40.144669","-2","-2","-2","1","9","3","3","1"
"482574","DeVry University-Ohio","2019","DeVry University-Cleveland  DeVry University-Cincinnati  DeVry University-Columbus","1350 Alum Creek Dr.","Columbus","OH","43209","6142531525","https://www.devry.edu","362781982","39049","Franklin County","-82.940506","39.940586","-2","-2","-2","1","3","1","3","7"
"483018","Antioch College","2019","","1 Morgan Pl","Yellow Springs","OH","45387","9373196082","antiochcollege.edu","261672457","39057","Greene County","-83.888077","39.799806","-2","-2","-2","1","2","1","2","5"
"483647","Ohio Institute of Allied Health","2019","","6245 Old Troy Pike","Huber Heights","OH","45424-3646","9372371010","www.oiah.edu","271928322","39113","Montgomery County","-84.140760","39.845490","-2","-2","-2","1","8","3","2","2"
"483920","LaBarberia Institute of Hair","2019","","1633 Golden Gate Plaza","Mayfield Hts","OH","44124","4405657525","www.labarberiainstitute.com","371579460","39035","Cuyahoga County","-81.450649","41.516100","-2","-2","-2","1","6","2","3","4"
"485032","Paul Mitchell the School-Toledo","2019","","5549 Monroe Street","Sylvania","OH","43560-2539","41988551911007","https://toledo.paulmitchell.edu/","202701630","39095","Lucas County","-83.668124","41.706636","-2","-2","-2","1","9","3","3","2"
"485908","Antioch University Online","2019","","900 Dayton Street","Yellow Springs","OH","45387","9377691352","online.antioch.edu","310536640","39057","Greene County","-83.908684","39.803210","-2","-2","-2","1","2","1","2","7"
"486257","Valor Christian College","2019","","4595 Gender Road","Canal Winchester","OH","43110","6148374088","www.valorcollege.edu","271625785","39049","Franklin County","-82.829696","39.891571","-2","-2","-2","1","5","2","2","3"
"487302","Fortis College-Cuyahoga Falls","2019","","2545 Bailey Road","Cuyahoga Falls","OH","44221","33092399594666","FortisCollege.edu","232823978","39153","Summit County","-81.470433","41.143856","-2","-2","-2","1","6","2","3","3"
"487861","Felbry College School of Nursing","2019","","6055 Cleveland Avenue","Columbus","OH","43231-2256","6147811085","felbrycollege.edu/","208893061","39049","Franklin County","-82.951066","40.095780","-2","-2","-2","1","6","2","3","3"
"488952","Ross Medical Education Center-Elyria","2019","","120 Market Drive","Elyria","OH","44035-2885","4403288877","www.rosseducation.edu","202154596","39093","Lorain County","-82.105702","41.386445","-2","-2","-2","1","9","3","3","2"
"490072","Great Lakes Truck Driving School","2019","","27740 Royalton Road","Columbia Station","OH","44028-9074","4402363436","greatlakestds.com/","261173168","39093","Lorain County","-81.968050","41.314265","-2","-2","-2","1","9","3","3","1"
"490188","Elite Institute of Cosmetology","2019","","1619 Chillicothe Street","Portsmouth","OH","45662-4009","","","-1","39145","Scioto County","-82.994163","38.745552","-2","2019","07/26/2019","3","6","2","3","4"
"490434","Apex Academy Hair Skin Nails School of Cosmetology","2019","","1788 West Fourth Street","Ontario","OH","44906-1793","4197098512","https://www.apexacademy2013.com/","461533018","39139","Richland County","-82.577702","40.771672","-2","-2","-2","1","9","3","3","2"
"490692","Cincinnati School of Barbering & Hair Design Inc","2019","","6500 Colerain Avenue","Cincinnati","OH","45239","5139233385","cincinnatischoolofbarbering.com","310627502","39061","Hamilton County","-84.582563","39.206754","-2","-2","-2","1","6","2","3","4"
"490832","Ross College-Canton","2019","","4300 Munson Street, North West","Canton","OH","44718-3674","3304941214","www.rosseducation.edu","202154596","39151","Stark County","-81.429021","40.844938","-2","-2","-2","1","6","2","3","3"
"492005","Elite Academy of Hair Design","2019","Elite Academy Of Hair Design  Elite Academy","3200 Guernsey Street","Bellaire","OH","43906-1544","7403251622","www.eliteacademyofhairdesign.com","463887482","39013","Belmont County","-80.744005","40.014519","-2","-2","-2","1","9","3","3","2"
"492087","The Continents State University","2019","","1985 HENDERSON RD PMB 121","COLUMBUS","OH","43220-2401","6147697478","https://www.continents.us","474518392","39049","Franklin County","-83.073637","40.054576","-2","-2","-2","1","2","1","2","9"
"493521","Global Tech College","2019","","4346 Secor Road","Toledo","OH","43623-4234","5673777010","www.globaltech.edu","454089861","39095","Lucas County","-83.622983","41.697492","-2","-2","-2","1","6","2","3","3"
"494250","Valley College-Cleveland","2019","","8700 Brookpark Road","Cleveland","OH","44129-6810","2164538201","www.valley.edu","550677360","39035","Cuyahoga County","-81.747723","41.419409","-2","-2","-2","1","6","2","3","3"
